,6615,6703,6688,6613
6931,117.993232,232.974505,262.552633,142.851488
6464,78.71112,219.335972,266.592981,99.188906
6990,23.147733,153.549447,198.199139,34.27293
6525,68.829456,107.388722,146.211215,48.078252
6950,61.543389,107.259796,151.609922,50.051293
6904,214.366962,144.475566,24.563267,196.987857
6482,61.768045,107.791983,151.372645,50.075786
6969,80.857432,221.170093,267.476542,98.320852
6128,213.797126,172.502673,195.367509,233.022428
6666,81.304206,226.151202,272.039024,100.597082
6269,101.9858,248.095427,296.064615,124.437224
6810,91.908045,231.57104,279.852228,111.593465
6410,114.820292,252.615957,291.128361,137.077764
6924,20.915081,142.719921,190.14672,22.724616
6932,87.027025,235.459461,282.831213,115.456212
6910,213.146668,76.498672,100.029472,201.165102
6577,92.453232,232.300549,279.399299,111.586645
6773,202.538701,50.165175,119.966853,186.753506
6149,216.487337,75.164188,93.109214,199.103025
7026,92.75466,231.744432,278.936394,111.585475
6192,102.959975,244.479197,291.252099,123.945269
6913,209.849074,145.391901,20.367005,192.312941
6832,61.811718,107.266167,151.717086,50.089326
6456,18.227282,144.530316,195.048591,20.809378
6088,81.980673,219.411218,268.14741,99.399438
6687,104.228893,244.347186,292.099463,123.351217
6834,92.834793,232.711238,279.695299,112.340051
6250,88.422301,227.04481,274.326427,106.767042
6846,80.145242,219.731949,268.006587,100.097655
6521,222.152251,83.069583,106.623222,203.709206
6573,76.671895,219.941844,267.521957,98.940351
6407,62.650633,93.684215,142.33426,58.722597
6548,87.979932,227.897977,275.995951,108.06228
6655,86.226218,226.903953,266.66234,111.314337
6328,98.161832,244.465256,289.725767,120.795963
6860,22.2073,143.197061,190.947886,23.382061
6593,76.367798,220.47783,268.046362,98.667629
6490,93.654274,233.155066,281.218544,112.937105
6823,79.789699,233.007231,279.223302,103.243056
6408,60.084775,118.37162,144.918211,51.398852
6829,121.611498,261.838743,310.354956,139.67153
6252,80.135799,219.489471,269.503993,99.679979
6968,228.58716,107.032546,130.271554,227.829069
6723,232.202604,100.237683,181.019941,224.423326
6264,59.68096,93.505826,142.08919,43.200968
6532,83.32272,220.616601,268.583949,100.768908
6759,162.311383,245.866408,327.251372,180.445207
6813,91.204625,231.834096,280.713238,110.987524
6606,216.158793,191.694873,403.805629,230.456548
6214,76.031209,225.932495,264.98757,108.760677
6446,133.258687,218.46884,261.703887,132.444186
7012,85.928313,227.764559,275.438218,108.308741
7045,62.083523,107.681118,151.026324,50.574297
6959,98.829748,238.789172,287.25748,119.180839
6803,234.997152,166.271656,26.53956,198.418216
7001,20.842978,142.325062,189.641227,21.973111
6854,96.943798,245.609768,259.24586,117.575216
6267,84.582467,222.545007,269.427756,101.472674
6790,113.041606,250.284411,288.074317,138.063022
7048,80.675203,225.373615,271.338827,103.485005
7056,100.916461,242.55508,289.867599,122.02094
6615,0.340073,143.29304,191.389254,23.251122
6918,207.069434,69.146428,93.635405,189.965396
6342,83.394589,220.473492,268.217152,100.457674
6868,101.519334,243.94093,291.927824,123.985121
6902,112.661701,251.219918,295.534138,120.644269
6995,174.846113,36.013,135.517765,157.028293
6938,32.301184,126.714546,172.187837,16.488648
6664,124.687608,267.743673,314.448698,148.235217
6531,85.993235,226.969034,274.686704,106.964299
6439,84.956482,224.219949,272.636832,104.47049
6479,1.277528,152.931824,194.737949,31.08131
6811,66.676776,104.418272,151.971438,48.821724
6709,90.948817,230.115172,278.25016,110.281863
7038,35.363502,126.492753,172.65087,24.640782
6679,93.934075,233.938313,281.521669,113.148473
6460,199.597898,110.690223,1.701182,181.616672
6797,2.21685,154.732126,201.137739,25.916758
6326,112.033417,252.175254,299.754894,132.159011
6538,159.338128,302.259426,349.538666,181.755529
6324,110.325407,249.030459,296.143941,130.207375
7036,84.902921,224.953245,272.034146,104.826665
6717,82.375228,224.267687,273.79272,104.621431
6875,14.938405,162.437071,218.080683,34.786614
6779,231.136175,274.751109,310.463257,249.53875
6394,77.597585,99.370127,153.332297,59.196445
6885,91.158402,234.591284,278.863773,111.475584
6182,81.96202,219.442421,268.302227,99.584272
6917,206.75462,68.799889,92.816748,189.523838
6883,104.774025,247.405835,294.633565,126.733986
6468,173.426342,31.361065,153.090289,155.292107
6785,251.21284,115.025303,138.473148,236.225299
6388,9.776087,144.58419,191.764545,24.177478
6619,130.013166,272.842335,319.510326,152.483279
6488,85.412473,215.075519,248.862049,96.905066
6454,13.327807,147.17642,186.998571,23.046529
6652,114.278529,208.470466,246.945607,125.345453
6884,39.346428,141.206715,190.528754,32.347695
6583,112.115973,254.237677,301.733229,134.773431
6509,98.306789,240.101771,287.504892,119.273549
6825,119.672491,259.684064,307.077587,139.217802
6866,82.104415,219.862844,268.112045,100.099305
6676,223.132789,72.153129,93.854394,223.075231
6327,109.415441,248.564844,296.531646,128.588621
6912,191.203012,144.207565,1.099076,173.441052
6800,103.432909,257.532547,305.70278,124.226046
6428,3.448244,146.824614,194.800033,26.96088
6517,1.424385,145.471875,193.047097,24.956089
6406,83.861379,170.902231,207.495497,68.333641
6402,109.43066,249.23775,296.792442,129.38618
6751,95.200904,233.440326,280.623708,112.814615
6329,90.272082,246.904303,289.149069,112.491363
6297,124.441899,264.951979,313.072289,144.859029
6971,75.783241,213.401255,261.897705,92.780763
7031,84.568501,225.747218,272.587449,104.728048
6519,82.265767,220.333582,267.429219,99.955434
6806,96.582155,236.38849,284.694519,116.575198
6523,97.221162,240.345899,283.883516,116.920217
6771,191.978855,248.927675,281.199341,209.752382
6513,76.375178,219.053837,269.082502,99.480362
6802,89.013867,228.837204,277.054369,108.756383
6965,84.35198,221.988141,270.453941,101.853391
6879,86.153864,216.953608,266.592625,96.902587
6686,95.721017,234.860395,283.5649,114.292641
6534,88.764549,229.14653,276.07622,108.74334
6761,91.128206,230.79568,278.596607,110.716465
6613,23.283034,126.274011,174.341803,0.274632
6321,98.319222,241.400936,284.632657,116.918514
6544,91.442531,231.850164,278.73659,111.242332
6886,96.852728,236.94197,284.358075,116.166578
6042,98.713921,238.62694,286.737495,118.572823
6719,14.996939,153.895418,202.157122,28.979757
6826,89.695928,227.258701,274.968842,107.565323
6518,89.027497,228.329284,276.438069,108.500943
6973,62.757287,105.242291,145.604944,40.367507
6999,89.963926,228.385323,276.031561,110.79717
6572,13.820263,142.865775,185.644992,21.967231
6764,191.621006,120.973179,2.172801,174.175689
6996,207.611194,68.784964,93.115283,189.378281
6475,104.576762,245.092466,293.109081,125.03777
6533,85.061333,228.333166,275.843096,108.122879
6926,90.733438,237.446513,282.251366,114.80241
6972,6.798251,146.906473,194.517404,26.743634
6994,190.379863,154.963343,177.742231,214.675323
7021,79.598121,219.384294,266.040005,98.034865
6833,65.662416,99.112729,137.180721,46.602588
6274,60.717468,93.780773,142.223497,44.240845
6441,98.94579,239.084544,286.961949,119.070137
6769,1.4103,157.5831,214.013223,28.14324
6405,77.128897,214.157447,261.980184,94.311365
6357,90.478121,232.810477,277.889017,109.775794
6675,91.536462,235.117066,283.650226,114.158416
6316,95.161688,234.441676,283.601059,114.602565
6658,112.930395,256.639164,301.341856,132.876804
6947,59.989381,93.640317,141.166062,43.061417
6043,95.299258,235.482134,283.909824,115.301979
6072,5.488368,153.212747,202.220254,38.655765
6756,152.2042,233.379136,318.555851,176.282936
6434,61.174367,93.953416,141.904428,40.906647
6179,231.510201,368.576857,416.690171,248.725795
7041,91.025611,231.296428,279.418847,111.038913
6478,121.792178,260.95802,310.600081,140.761152
6276,119.84619,271.021634,329.424559,142.873318
7047,190.495245,161.384575,177.326577,211.136317
6867,76.433981,221.350016,269.090088,99.094972
6651,98.882326,243.768263,292.413841,120.822147
6840,94.298588,229.658768,284.273704,110.713607
6836,61.593599,107.266072,150.752095,50.158691
6748,156.451444,295.51842,341.467228,175.60627
6984,80.697379,218.26945,265.949935,98.276044
6993,230.205224,367.341251,414.943493,247.496744
6900,91.503685,236.920519,282.804563,124.470455
6224,210.547046,345.99975,395.015819,225.836436
6400,81.481486,219.099482,266.406569,98.952165
6298,113.198776,250.770746,288.615601,137.895923
6598,56.188547,91.734588,126.281744,41.031593
6211,112.790322,252.443053,300.082274,132.539046
6152,90.914645,231.399351,272.760744,110.134397
6510,120.458448,258.704079,307.601047,138.561052
7054,94.058855,233.79403,281.362051,113.529922
6872,104.719511,246.872506,295.337716,127.113852
6350,99.44531,239.492797,286.967362,119.89779
6707,102.422928,244.714035,292.539262,125.246802
6082,138.483389,224.514928,267.198303,138.369892
6384,86.063234,233.244443,276.001432,122.22278
6983,158.398875,1.938701,140.170503,140.34887
6557,14.959611,149.845144,197.363905,28.658251
6668,102.573852,248.324575,288.211365,119.018325
6705,205.42133,128.034087,151.938093,249.995576
6526,129.334078,272.2263,319.67514,151.119016
6928,1.281199,144.732972,192.865576,24.897336
6955,81.142248,218.519758,266.212092,98.87055
6607,206.816984,68.784803,91.424129,189.203158
6974,144.06563,1.721608,120.933364,125.995576
6880,84.431919,227.268981,274.875537,106.869783
6700,172.115804,33.383439,131.999143,154.160317
6882,218.989381,362.061095,409.799505,241.829213
6432,86.83225,226.618711,274.418781,107.396483
7007,238.623273,75.225282,98.82723,215.285401
6693,87.952907,227.971563,275.08244,107.705903
6706,183.83277,45.661785,127.980386,166.809363
6798,190.492403,154.481491,175.573808,214.329689
6887,212.701396,65.74355,144.39389,196.545302
6952,99.077289,238.99098,286.928349,118.980419
7020,146.854685,297.21916,340.620955,170.634166
6844,114.495738,254.553064,302.132038,134.03554
6626,81.497002,218.75534,266.240914,98.871815
6341,2.998593,151.369891,198.073593,30.311456
6576,91.538436,231.571694,279.106252,111.610834
6494,82.717492,224.996816,274.2834,105.033821
7009,154.36052,305.76346,345.835248,192.624617
6674,90.997763,229.47688,276.471746,108.937716
6817,76.515505,221.205571,269.596627,99.065409
6957,2.080895,146.4708,193.015251,25.751178
6588,3.549262,146.833742,194.287334,26.585787
6485,124.598844,244.541389,293.434114,129.525613
6382,80.433102,217.495044,265.726326,96.919632
6941,104.925889,245.499065,292.320815,124.852721
6697,65.180599,99.729343,137.657047,46.99125
6431,151.869894,180.337577,190.988735,172.639681
6498,14.386647,155.426884,202.568977,27.489967
6746,141.393816,222.723286,306.791021,163.428641
6858,90.043498,229.406242,281.478006,113.2769
6491,111.591346,255.259236,302.370987,134.207829
6330,103.431391,246.561877,293.51744,126.134496
6891,119.493922,259.442557,298.414245,143.013598
6623,104.953915,247.644138,295.304815,127.412526
6222,12.350386,155.70058,199.844955,31.819065
6612,173.469854,320.137433,365.47333,198.526459
6549,6.321794,146.705779,193.166509,25.633607
6986,94.698513,238.041193,285.128825,117.293346
6470,206.741039,69.376696,92.379255,189.976849
6569,236.3527,377.204956,423.994236,256.24449
7055,84.044779,221.312398,269.567435,101.188012
6278,76.615784,220.680379,268.543479,99.375936
6920,98.594529,238.857839,286.700644,119.320304
6351,101.563473,247.406833,293.821753,123.010497
6963,91.542187,231.236674,279.435666,111.314498
6272,91.898271,233.899574,279.850289,112.067381
6098,76.185967,213.508001,260.952595,93.577083
6743,108.112524,251.042805,298.24309,130.554655
6649,65.671503,99.881602,137.734016,47.110684
6780,92.871247,232.876821,279.749423,112.478887
6782,30.921028,129.909119,168.735307,23.58763
6788,97.11086,236.426398,284.387048,116.455829
6772,95.428006,236.550717,284.737519,116.833973
6745,152.508857,241.133934,324.688487,177.861752
6545,95.888982,235.424247,283.576698,115.115305
6799,88.220027,227.332091,275.525208,107.252021
7039,143.950303,2.074208,121.01846,126.190457
6554,111.164745,206.734223,243.286811,122.37768
6364,43.549982,170.226752,216.556714,50.816801
6559,77.391404,218.462741,267.068748,109.173396
6843,82.395913,219.598603,267.797624,99.529367
6081,86.587568,231.433113,266.767388,106.119436
6505,151.055336,297.105148,339.64147,172.411006
6106,112.403573,252.282657,300.502819,132.387433
6564,76.1061,220.403922,268.590237,98.910827
6897,109.117345,250.120051,297.173176,128.5551
6092,1.009397,151.469279,199.347811,31.420941
6614,11.57913,151.536115,197.506993,30.789922
6473,68.014728,109.301704,145.531064,47.473097
6323,105.931748,244.736475,292.10919,124.445526
6898,80.030039,113.470802,161.866085,63.026024
6280,15.036731,130.763806,178.838663,10.826507
6899,12.199374,157.367636,202.644946,43.013191
6625,41.122356,178.098456,212.19406,44.863421
6725,6.465553,145.946809,193.466791,26.251983
6960,76.265408,220.247463,266.503357,100.191098
6414,121.353268,265.296929,311.030493,141.325893
6592,141.30539,280.34539,328.055849,161.061382
6975,204.569068,129.565783,13.270363,186.60598
6815,117.02051,259.097243,306.024536,138.270563
6476,94.726215,234.359641,282.257098,114.552095
7022,88.215081,230.949005,277.898859,110.579166
6411,62.436248,104.796418,144.979849,39.556391
6245,106.565565,243.089267,279.344792,133.278689
6794,60.4968,94.2743,141.7475,43.5183
6299,181.685925,326.61818,373.351196,205.818289
6599,64.513094,106.45128,213.43789,47.292357
6031,80.29295,218.685399,266.293881,98.722126
6733,112.598754,255.368829,303.093252,134.985059
6966,20.429168,141.915835,189.55012,21.924534
6332,87.764415,228.191794,275.537414,107.423803
6535,85.845962,225.304281,272.363465,104.625511
6590,22.843186,152.782132,199.110095,34.472035
6721,81.870967,219.446146,266.845093,99.457208
6853,149.3842,291.365554,340.426511,170.581939
6922,88.105493,228.097303,275.977823,108.121107
6877,83.227312,218.646183,258.424911,109.070903
6339,216.333619,77.826837,202.672046,199.128958
6741,121.531332,261.975897,308.480343,140.959707
6689,91.471926,231.436398,278.778121,110.948618
6681,220.816059,81.571788,104.681467,201.55778
6702,84.051321,222.248646,269.035613,101.682544
6372,93.559557,232.894275,280.638171,112.85558
7050,188.58058,333.369916,379.157601,211.128797
6315,203.879463,166.658952,24.382172,185.329248
6855,88.653768,228.297259,275.800544,108.060326
6793,133.082056,273.671726,321.420767,157.024761
6516,77.397633,214.860554,262.776548,95.011165
6914,202.543742,132.292922,13.12525,182.551978
6878,107.24839,249.166838,296.650123,127.483433
6120,103.384256,245.316539,292.641888,124.53833
6550,89.755598,230.552526,278.060581,109.92504
6801,109.65792,204.540599,241.996373,120.7374
6425,144.223401,2.647437,121.139887,126.390737
6420,53.940507,137.068782,175.292095,37.65459
6312,207.69753,69.395978,92.740941,189.417016
6985,157.372191,244.586102,287.184582,157.880062
6524,0.967397,144.554042,192.350658,24.686692
6260,98.211452,244.794942,291.293964,122.017131
6307,79.935396,225.95337,267.522063,100.77345
6906,189.95102,155.063552,177.591075,212.593696
6881,162.784455,309.359322,354.85368,184.739563
6552,79.689785,217.113755,265.482818,97.271502
6333,76.43469,220.773707,268.827058,99.273186
6696,78.32098,229.555482,276.478315,105.019059
6980,90.594018,235.616823,283.276754,114.47397
6095,63.156165,105.854949,145.987799,40.747086
6492,65.329408,176.404478,136.027725,58.702647
6472,11.93447,152.567745,198.118801,26.96107
6835,39.12506,112.449526,161.466789,11.522097
6724,85.841481,223.940384,273.207915,105.300308
6618,92.832849,232.108303,279.709789,112.397518
6254,81.374653,218.247108,261.800274,100.167397
6343,16.256664,134.536113,182.068469,10.180551
6340,92.121165,229.767683,277.720898,109.92778
6642,87.573619,226.849831,272.374161,106.316581
6822,31.000577,124.875539,170.514443,14.901497
6792,180.590796,33.410859,179.826165,162.2197
6624,186.35263,335.816856,385.48932,215.044288
6438,104.557979,242.505428,291.739709,124.34995
6560,94.100162,234.777926,281.150756,113.997773
6586,217.66415,71.565507,92.963617,199.030192
6808,82.913755,220.057514,268.369551,100.322534
6605,16.860604,151.891351,200.697951,39.039789
6929,204.464417,134.218175,14.71512,186.458935
6113,83.382367,220.905932,268.793517,100.997341
6901,94.438532,234.699214,282.254866,114.19558
6865,84.48582,219.579271,255.977437,110.294427
6310,93.058592,236.567401,283.82632,117.800223
6313,84.660156,224.676949,272.79394,104.633027
7015,81.175713,218.947644,265.835156,98.493193
6568,214.283539,79.140119,93.505385,208.98127
6915,236.740365,140.546476,46.682634,219.248184
6752,157.152747,243.040434,326.785032,179.957074
6636,201.540824,120.697419,1.76455,183.587899
6467,144.886421,2.340681,141.041711,126.659489
6685,62.815802,105.540404,145.627021,40.228309
6094,91.986016,232.964584,281.957136,112.982824
6873,88.293943,231.490403,278.85165,112.335391
6609,78.935258,216.404434,264.543599,96.563889
6812,93.66602,233.625807,281.327214,113.216763
6493,60.926484,96.961706,144.565405,51.387154
6335,111.672292,255.249805,302.396022,134.324707
6381,197.653765,49.795694,124.719354,172.863987
6758,163.634766,247.069772,328.706285,183.084724
6469,97.977069,241.548819,289.799667,121.048112
6354,101.988683,241.539723,289.718581,121.528449
6579,102.492591,245.382895,292.928265,125.353625
6942,109.687387,250.117461,284.815699,140.366757
7005,83.848067,224.138579,273.174744,104.033509
6647,86.122614,239.022304,275.058213,106.010192
7032,222.566747,68.819217,134.601805,206.903729
6762,112.869628,253.869208,301.174795,134.061834
6455,143.761035,1.573109,120.385723,125.806878
7016,220.839274,83.543725,105.380244,203.905393
6939,91.695821,231.959671,279.619945,111.607428
6451,76.9798,214.156014,262.973166,94.331926
6852,116.605685,256.543063,304.259894,137.350796
6997,122.909324,276.888988,311.031326,144.568701
6861,105.566723,244.523429,292.251273,124.914797
6667,99.680639,242.30096,292.906011,122.309189
6630,83.456839,221.197622,269.05747,101.162796
6499,81.584687,217.851511,267.552368,96.883889
6753,167.406791,257.028396,340.250918,190.842827
6226,202.787649,144.682359,93.859953,184.579961
7043,61.211394,95.229698,140.992809,43.094023
6325,100.573998,242.39588,284.822222,117.317605
6949,88.965645,231.31405,279.652727,112.702683
6787,91.483448,231.230328,279.143352,111.364225
6567,85.322868,222.881264,270.471376,102.694122
6349,127.796495,265.142575,303.0185,152.697126
6437,29.912772,133.262713,240.162391,20.160825
6767,95.214326,235.718794,284.078559,116.114622
6452,22.925298,153.303401,198.717996,34.505552
6225,95.572629,233.23025,281.188442,113.094905
6527,117.650013,257.489858,305.628941,137.76311
6708,85.005055,224.961735,273.07839,104.932804
6716,82.901205,220.138143,267.767115,100.254754
6784,85.503535,245.114554,291.869387,105.49243
6827,105.283896,245.272914,292.459629,125.000258
6862,85.94273,223.336703,271.863395,103.546395
6291,100.777311,240.809761,287.889277,122.879278
6659,113.934646,250.858128,289.638076,139.263694
6944,176.217581,151.595757,173.718272,203.186904
6501,79.231638,226.442216,266.6573,100.210227
6251,103.295671,247.265522,293.50965,125.635064
6818,187.720494,33.830969,163.273017,161.174928
6602,114.649103,251.29208,289.556153,139.466859
6814,88.015695,227.640481,276.208944,107.986523
6511,82.1888,219.5829,267.3174,99.5343
6847,100.926424,249.944708,262.451708,123.648727
6440,84.607245,225.361726,272.935083,105.059343
6714,100.653247,241.352475,286.882765,119.094126
6566,122.47546,262.207138,310.277434,141.277544
6732,92.739233,235.04362,282.513474,114.865791
6387,86.243081,226.494095,274.127456,106.078428
6740,101.916596,240.689215,288.850006,120.671098
6512,78.932545,216.195749,264.393853,96.390415
6463,86.203917,225.541375,272.269033,105.643768
6344,123.923411,258.327343,305.595376,139.325397
6727,191.10798,194.098097,1.273482,173.31061
6948,76.426402,214.316412,261.976466,93.912142
6352,99.624065,244.520348,292.667705,123.579058
6561,84.745609,224.963391,272.029788,104.685606
6820,124.367536,269.354127,316.699015,147.638695
6368,89.272087,230.084237,276.729649,108.742877
6627,134.816086,229.05565,265.868869,143.038436
6933,142.526088,288.088034,336.096748,167.845169
6730,163.923683,246.519131,330.211948,187.898828
6610,242.29798,385.39623,432.526916,266.564542
6433,85.100126,224.686946,272.767658,105.035959
7002,95.780261,238.921272,286.025116,118.579946
6841,118.880937,257.995941,306.292509,138.240464
7024,92.041781,232.174231,278.950753,111.338975
6940,84.655862,224.734323,272.768859,104.524428
6988,31.471982,124.852928,170.995559,14.946052
6090,243.078702,153.843077,178.965248,243.732509
6415,133.626617,275.304413,319.307533,163.48169
7028,213.029799,70.408251,92.116035,192.902666
6967,87.674804,223.981328,272.307339,105.198635
6982,183.614965,44.955819,127.390633,167.786714
6715,93.397851,259.971023,308.967163,117.184579
6546,44.698516,174.735092,221.109157,56.100163
6427,190.842527,120.879979,1.346642,173.971828
6253,89.135796,232.746861,281.513044,111.480921
6781,21.824041,156.671106,203.704474,36.510108
6477,206.585568,69.212991,92.805849,189.595664
7003,82.031583,219.530519,267.200114,99.60292
6543,90.949647,231.521949,278.79324,111.507061
6669,101.888302,245.362832,291.175324,131.236666
6366,121.470436,257.155537,301.621453,150.655179
6443,80.803186,223.428279,272.49859,103.457252
6677,116.712014,256.409139,304.65653,136.698081
7034,92.111872,234.899601,281.7541,113.692168
6908,92.864983,234.43082,282.039349,115.874007
6338,115.014057,259.871524,305.663648,135.422855
6945,76.096265,213.606646,259.999842,93.335848
6374,82.43744,219.926603,267.691862,99.884494
6466,201.976906,124.211316,145.240023,232.604206
6632,82.710351,219.92796,267.801135,100.182932
6894,94.978607,232.367399,280.28781,112.385377
6819,99.707477,241.407929,289.336296,119.581858
6360,92.757915,232.038694,280.150548,112.060885
7037,97.097987,262.73292,353.216572,116.10952
6604,91.864982,235.311637,284.295102,113.888126
6116,103.309428,241.802854,300.690492,143.11453
6198,116.013913,258.430774,308.215054,139.325213
6336,85.784985,225.583618,272.726061,104.972027
6580,151.437917,4.325658,145.604503,133.505388
6054,144.747428,258.0167,297.423965,155.016378
6970,206.997184,69.376889,92.43003,189.595191
7053,105.619422,244.974601,293.236547,124.80112
6635,85.198501,222.415093,270.264818,102.918567
6831,65.526453,99.696739,137.229452,46.607435
7019,121.215502,258.202268,295.973197,146.084735
6585,1.244321,144.632905,192.522433,24.729532
6041,128.535888,260.66983,302.139301,140.485519
6111,109.29677,248.679212,305.538352,129.009926
6304,97.113494,235.788915,283.075667,115.21578
6249,89.64654,230.083539,276.958751,109.853141
6453,116.343046,256.054904,305.058455,133.686011
6292,42.981304,142.710691,180.293237,21.558612
6589,86.246476,224.807404,273.150713,105.002912
6600,85.394106,224.406212,272.501522,104.716445
6663,93.794333,247.217478,289.331777,116.032431
7033,92.324561,230.955675,279.30531,110.94448
6925,43.444973,140.66695,179.073483,23.01233
6712,80.223435,218.467917,266.108952,98.468739
6805,104.388195,246.852717,294.990993,126.983595
6699,76.756978,213.516224,262.485367,93.72279
6025,82.726156,226.559169,273.141053,106.484105
6558,84.880624,224.55649,272.248867,104.902641
6393,66.916433,199.135679,245.816581,79.223141
6471,76.202576,213.631767,260.943482,93.887194
7000,88.976313,239.140564,293.250365,109.082685
6634,29.44163,140.818247,187.998274,18.987752
6504,85.964642,225.562466,272.30484,105.690141
7057,145.16221,279.916685,319.729113,143.679944
6991,1.007144,145.023439,191.782163,24.538237
6117,93.143188,232.060777,280.335251,112.14623
6039,98.315006,237.42805,285.655209,118.337761
6962,188.166746,242.674318,282.221581,218.515625
6864,107.287497,244.375823,292.422512,124.343258
6448,99.801388,239.184147,287.047999,119.413425
6755,160.760625,251.347848,334.762686,182.819992
6683,87.729377,228.64393,276.012206,107.721096
6660,200.749558,117.99653,1.600549,173.184778
6821,195.9285,286.1211,327.6724,182.9725
6631,142.79638,1.35476,120.800918,125.561565
6547,91.782464,231.210453,278.901786,111.366403
6507,86.121346,224.700782,272.878081,104.79949
6951,79.988381,234.353545,277.914409,101.151943
6777,229.427548,311.230527,342.962533,261.80848
6390,91.364735,230.54712,278.837068,111.078768
6633,150.426646,245.025431,283.53534,160.58568
6637,141.12356,249.754833,287.760782,161.265725
6571,85.073974,226.286441,273.905364,105.974036
6087,77.121543,214.165043,262.162159,94.380927
6447,91.452325,233.937874,281.979465,111.384239
6824,95.667614,241.907578,270.194673,114.34547
6348,79.961607,224.707022,268.073393,100.583869
6736,83.319542,225.851431,275.046549,105.786584
6859,14.1508,147.13288,185.61619,23.19647
6370,151.394841,4.506385,122.373864,130.443232
6320,87.223763,230.860849,277.118004,109.25583
6895,104.738762,246.363584,293.233756,134.714678
7017,91.393407,234.467911,282.721601,113.596579
6987,15.742833,130.843341,178.823082,10.776868
6738,76.384929,214.552016,261.207652,93.721229
6553,120.27429,204.516097,242.911685,137.570429
6266,22.615539,152.596452,194.070043,34.467303
6389,29.288486,160.057874,202.866565,41.757763
6977,112.851825,250.446595,288.095933,137.799
6202,92.590654,234.413581,282.312938,114.456003
6789,89.66368,229.354069,277.347051,109.314717
6989,65.099673,98.86701,137.177565,46.351243
6237,83.069725,220.271387,268.070234,100.318527
6768,85.220662,226.526594,274.657799,106.058055
6953,227.255963,134.203922,158.69185,253.776375
7025,82.711743,220.057717,267.967848,100.004849
6770,1.200022,144.907742,192.792146,24.705431
6893,113.047921,253.340913,300.943678,133.326852
6737,82.80814,220.230999,267.868206,100.430898
6417,116.034817,261.604928,304.781536,138.109091
6954,272.750155,127.139424,149.20908,251.911516
6279,262.505668,145.823741,169.617992,262.778164
6514,82.80663,221.002513,268.71036,100.460162
6710,13.566222,149.57885,196.471029,28.530741
6418,19.955468,149.488786,196.380539,28.66251
6424,96.937882,237.406659,285.461857,122.74372
6227,90.391437,227.821649,275.402863,107.821969
6851,99.790371,239.996649,285.138598,120.420709
6616,147.844162,171.541589,338.185568,171.911009
6992,62.377836,104.798283,144.683542,39.544028
6503,190.567633,120.492655,1.154755,173.591445
6734,102.179847,245.883997,293.212564,125.109347
6495,82.238385,226.62268,272.699609,104.891546
6331,93.427778,230.467642,278.758485,110.495709
6849,202.79385,132.292023,13.020271,185.155911
6480,61.703644,107.280168,150.640851,50.128436
6620,85.737257,233.081605,342.626651,105.702036
6167,62.993459,201.958612,240.030915,74.809436
6656,93.750849,234.242809,280.996567,113.089868
6462,14.347173,159.60122,206.341688,28.72899
6978,58.796788,188.745879,234.24554,81.612672
6662,122.336456,269.097036,315.884681,143.794996
6698,55.190082,88.621889,135.924162,38.115672
6641,172.912584,28.361623,144.1947,159.282925
6445,91.57032,230.863016,279.151905,111.060218
6334,98.619462,239.141125,286.576359,118.499137
7042,76.369063,219.095075,268.316086,99.142914
6757,162.471873,247.936918,330.522059,183.726231
6395,99.072653,250.621496,293.907384,124.86079
6502,89.229655,229.947784,277.308164,109.358612
6816,74.528941,197.062001,239.194187,90.427489
6763,92.834071,233.685211,281.094788,114.122837
6450,100.306735,241.643631,289.62157,121.685584
6981,76.431461,220.191667,268.461858,99.106886
6581,88.153309,227.244418,275.110292,107.655805
6695,76.849992,214.272797,262.424331,94.451859
7008,96.257767,236.849259,283.840057,116.198731
6563,81.587014,219.057952,266.950593,99.133846
6776,120.517955,267.02013,312.489035,139.977771
6648,88.14011,232.889697,279.485126,110.536805
6562,76.004272,213.624422,261.703541,93.639509
6848,90.628268,231.106704,278.524811,109.668172
7013,100.585305,240.850186,288.463201,120.75149
6584,82.396632,219.082709,267.151745,99.399823
7004,84.009507,221.596044,268.979519,101.643427
6200,84.442134,223.022614,270.767561,102.105473
7030,205.990205,50.50634,127.173385,182.263199
6711,113.585185,250.457549,288.319172,139.006051
6643,23.005744,152.854095,198.632779,34.685624
6282,92.298248,235.020748,279.220386,111.90267
6373,41.55662,135.561303,181.326263,25.529081
6747,149.877916,233.015787,313.783235,183.337549
6536,110.614466,253.901978,301.235685,133.085758
6645,136.047632,194.002746,277.550292,158.837624
6429,124.0985,266.3117,312.9146,145.3016
6465,85.117322,222.808931,270.4326,102.69825
6680,92.026508,233.073663,279.985989,111.733392
6911,89.995905,230.295914,278.030461,110.07482
6896,109.666744,249.53208,296.972269,129.265805
7006,87.973835,228.657972,275.932561,108.014283
6071,85.04413,222.598293,270.045549,102.734839
6665,112.372368,254.689219,302.834195,134.754194
6921,76.090312,219.945144,266.581281,98.725468
6246,92.883144,232.692599,280.923983,113.237751
6380,171.970263,311.900545,357.760217,197.584686
6520,93.819621,234.004975,281.373355,114.471227
6639,194.867013,47.320441,125.185623,175.283016
6750,90.93934,232.010768,278.585062,110.918066
6874,98.705757,240.124138,284.763007,116.648381
6030,111.360677,258.029858,306.784552,170.670092
6436,6.400613,146.980955,193.916436,26.364656
6346,89.879848,232.252272,280.105345,111.838358
6621,92.435632,238.632578,284.875419,111.620549
6565,18.73424,134.537972,182.84815,14.542734
6842,98.653638,240.248432,288.054939,120.440039
6268,91.224412,231.202735,278.462149,111.231269
6856,91.833513,231.57216,279.313297,111.355451
6444,183.858042,45.310136,127.111295,166.103078
6930,119.796961,259.945089,308.771634,141.430462
6857,84.821603,225.119519,272.256458,104.556767
6289,0.966898,144.517675,192.014635,24.425192
6783,7.196845,147.032578,194.43295,27.126215
6239,92.89595,232.029767,279.333289,112.256764
6541,102.294574,249.795327,291.900218,136.308603
6672,102.048913,240.519988,288.46334,120.999765
6474,1.838296,150.66928,197.235677,26.903002
6728,91.268968,232.372375,281.236992,112.445399
6213,86.508437,225.029687,273.397829,105.190991
6506,212.361906,69.40578,93.403118,193.338713
6391,73.011007,202.568578,247.772848,84.206572
7018,219.731556,143.191415,112.366838,201.36097
6754,154.118248,237.578571,320.046612,173.442361
6594,213.625102,73.821973,93.107779,196.904127
6413,85.377858,226.389187,273.242952,105.81812
6248,98.984952,241.963216,289.95592,122.981304
6489,188.478097,243.565163,290.469962,208.95097
6540,92.310644,231.131807,279.76728,111.088273
6809,94.129418,234.547124,281.955864,113.920033
6423,82.484023,219.979288,268.026082,100.106701
6956,109.371529,248.628701,297.088523,128.906331
7010,241.730654,68.759601,93.159222,221.184107
6998,188.484457,166.512213,186.202265,175.304189
6522,13.949272,149.326009,196.246447,28.780403
6701,206.923604,68.84214,91.709421,189.443095
6979,84.371855,224.854259,271.518312,104.138804
6774,64.432318,96.986628,145.186267,47.035502
6654,110.708101,250.029534,298.154313,130.574814
6838,88.009068,228.660827,275.936319,107.997045
6367,142.819551,1.65232,121.159557,125.878347
6229,67.989664,100.984648,138.978872,48.992552
6726,207.746605,69.184219,92.978319,189.688763
6845,121.754608,261.761147,310.080196,140.991029
6946,6.70483,222.417526,257.045942,26.410473
7044,93.342644,236.088637,285.960427,117.590871
6398,68.711023,151.287129,189.67283,52.623749
6232,183.868534,235.18037,270.909497,204.559643
6049,95.089059,237.843199,285.756316,117.815581
7046,103.334936,242.813381,290.613369,122.784238
7052,77.817906,115.69924,154.511677,56.752402
7051,100.449223,245.258741,293.651775,123.063365
6597,17.069056,133.730061,184.673702,10.746188
6556,90.099982,229.795965,277.450381,109.768301
6629,14.829489,129.823054,177.836975,10.030339
6713,85.524767,222.80236,266.656255,103.856723
6574,7.559922,150.017132,196.437596,37.759942
6345,206.905456,69.154351,91.766498,189.543668
6692,50.820114,150.852751,197.49937,34.57521
6837,111.945293,195.243325,277.338525,134.733769
7040,106.978366,242.473408,290.243069,122.658051
6670,77.616229,217.862912,277.573925,94.560552
6392,190.254831,249.895468,281.580635,214.57766
6396,91.280172,230.592324,279.160391,110.84273
6704,153.711538,9.158577,128.206293,136.529607
6718,227.482622,89.080397,111.798874,209.841114
6678,139.284191,235.629788,272.77382,151.000154
6644,6.610393,149.600087,195.541272,26.244344
6807,92.972319,232.612586,280.853724,112.850443
6101,63.23053,116.874387,145.589813,50.724636
6317,91.393624,231.154688,278.605902,110.713479
6461,112.206879,258.206023,300.412778,138.018636
6435,94.47551,235.935688,284.902769,115.201704
6661,80.761571,218.490197,266.509434,98.616603
7014,2.930106,154.713829,197.257672,29.486377
6386,203.06128,133.103099,13.271527,185.316698
6688,191.39091,121.68288,0.224737,174.629683
6379,9.077675,152.728581,200.578817,32.787718
6961,104.626978,246.668743,293.769456,125.663542
7035,83.839886,221.32793,269.251713,101.433111
6916,200.47249,144.216623,10.748376,183.095722
6496,107.385318,260.050892,302.620304,127.448807
6216,30.375107,131.266836,171.344029,22.158256
6426,103.861328,248.532145,293.831704,126.459393
6876,119.074171,259.130903,306.272289,139.018326
6775,64.724543,97.504307,145.238554,46.496504
6863,83.238089,219.921126,267.712863,99.213519
6295,108.321705,259.423815,303.70874,127.58118
6640,192.605128,47.347355,123.800901,174.677854
6671,81.534235,219.378759,266.900394,99.092427
6731,98.945441,239.439223,287.087913,118.981229
6722,108.956607,250.435339,298.344753,130.317928
6575,245.096647,160.273112,176.393136,272.769376
6603,109.832584,250.435742,297.791813,129.53668
7011,60.991664,93.509294,141.025581,43.243243
7049,89.389049,220.989314,257.435743,107.383772
6905,235.289315,96.170838,122.553549,221.939772
6935,230.268219,367.56052,416.638763,247.59283
6703,143.269768,0.207921,121.971617,126.134531
6830,76.260027,219.136586,267.549397,98.918647
6927,6.57833,146.319526,194.178765,26.303889
6053,241.035118,378.492607,426.407469,257.954703
6919,88.607131,229.133244,276.381223,108.635837
6749,109.56115,251.905304,299.827673,132.17883
6515,76.820285,214.101723,262.299129,94.33139
6430,89.602201,229.613825,277.846685,109.838878
6311,145.822733,289.411525,336.203414,166.961475
6086,163.975072,245.962608,328.949992,181.972336
6839,163.960569,246.24481,329.791971,185.665023
6934,59.579931,88.11745,149.812015,47.041927
6358,,375.332756,420.113692,257.866668
